driverId;url
1;https://i.postimg.cc/R6tbnVPD/mercedes.png
4;https://i.postimg.cc/rDybYTmD/aston-martin.png
842;https://i.postimg.cc/Ln3wT5Hd/alpine.jpg
807;https://i.postimg.cc/Y4hPMxQk/haas-f1-team.png
815;https://i.postimg.cc/y3XQvpCh/red-bull.png
817;https://i.postimg.cc/hhxHXM6t/alphatauri.jpg
822;https://i.postimg.cc/XBwht7dC/alfa-romeo.jpg
825;https://i.postimg.cc/Y4hPMxQk/haas-f1-team.png
830;https://i.postimg.cc/y3XQvpCh/red-bull.png
832;https://i.postimg.cc/56VDLLWq/ferrari.jpg
839;https://i.postimg.cc/Ln3wT5Hd/alpine.jpg
840;https://i.postimg.cc/rDybYTmD/aston-martin.png
844;https://i.postimg.cc/56VDLLWq/ferrari.jpg
846;https://i.postimg.cc/p946TnBj/mclaren.png
847;https://i.postimg.cc/R6tbnVPD/mercedes.png
848;https://i.postimg.cc/7bgWHhJC/williams.png
852;https://i.postimg.cc/hhxHXM6t/alphatauri.jpg
855;https://i.postimg.cc/XBwht7dC/alfa-romeo.jpg
857;https://i.postimg.cc/p946TnBj/mclaren.png
858;https://i.postimg.cc/7bgWHhJC/williams.png
